{
    "root_group": {
        "name": "",
        "path": "",
        "id": "d41d8cd98f00b204e9800998ecf8427e",
        "groups": {},
        "checks": {
                "approve: status 2xx ou 409 ou 400": {
                    "name": "approve: status 2xx ou 409 ou 400",
                    "path": "::approve: status 2xx ou 409 ou 400",
                    "id": "37739ba336ba8d6129c291070013b4e2",
                    "passes": 4156,
                    "fails": 0
                }
            }
    },
    "metrics": {
        "http_req_duration": {
            "avg": 54.48449538471205,
            "min": 0.04586,
            "med": 2.800091,
            "max": 28881.526918,
            "p(90)": 17.8282862,
            "p(95)": 21.45025519999998,
            "thresholds": {
                "p(95)<500": false
            }
        },
        "http_req_failed": {
            "passes": 0,
            "fails": 9537,
            "thresholds": {
                "rate<0.02": false
            },
            "value": 0
        },
        "checks": {
            "passes": 4156,
            "fails": 0,
            "value": 1
        },
        "http_req_waiting": {
            "avg": 54.39697819974826,
            "min": 0,
            "med": 2.693144,
            "max": 28881.433177,
            "p(90)": 17.730141399999997,
            "p(95)": 21.37376919999999
        },
        "http_req_sending": {
            "min": 0.004155,
            "med": 0.018926,
            "max": 0.230861,
            "p(90)": 0.025664,
            "p(95)": 0.029389999999999993,
            "avg": 0.01864456663521017
        },
        "approve_errors": {
            "passes": 0,
            "fails": 4156,
            "value": 0
        },
        "vus": {
            "value": 1,
            "min": 1,
            "max": 29
        },
        "http_req_tls_handshaking": {
            "med": 0,
            "max": 0,
            "p(90)": 0,
            "p(95)": 0,
            "avg": 0,
            "min": 0
        },
        "iteration_duration": {
            "avg": 294.4011328398065,
            "min": 201.635247,
            "med": 316.69227,
            "max": 539.105347,
            "p(90)": 324.053371,
            "p(95)": 328.298651
        },
        "vus_max": {
            "min": 30,
            "max": 30,
            "value": 30
        },
        "approve_duration": {
            "avg": 115.1718879995187,
            "min": 0.058051,
            "med": 14.348538000000001,
            "max": 28881.526918,
            "p(90)": 22.299631499999997,
            "p(95)": 26.821409,
            "thresholds": {
                "p(95)<500": false
            }
        },
        "http_reqs": {
            "count": 9537,
            "rate": 95.95300774036977
        },
        "http_req_connecting": {
            "avg": 0.00035370693090070257,
            "min": 0,
            "med": 0,
            "max": 0.183993,
            "p(90)": 0,
            "p(95)": 0
        },
        "http_req_receiving": {
            "avg": 0.0688726183286151,
            "min": 0.014843,
            "med": 0.066238,
            "max": 1.385072,
            "p(90)": 0.0902726,
            "p(95)": 0.10072259999999987
        },
        "data_received": {
            "count": 5482675,
            "rate": 55161.9122064519
        },
        "data_sent": {
            "count": 4110756,
            "rate": 41358.85522562351
        },
        "iterations": {
            "count": 5381,
            "rate": 54.13894669717204
        },
        "http_req_duration{expected_response:true}": {
            "p(95)": 21.45025519999998,
            "avg": 54.48449538471205,
            "min": 0.04586,
            "med": 2.800091,
            "max": 28881.526918,
            "p(90)": 17.8282862
        },
        "http_req_blocked": {
            "med": 0.004103,
            "max": 0.307825,
            "p(90)": 0.005703799999999999,
            "p(95)": 0.006398199999999999,
            "avg": 0.004713486211596929,
            "min": 0.000996
        }
    }
}