{
    "metrics": {
        "iteration_duration": {
            "p(95)": 11396.107186799998,
            "avg": 5224.070623685552,
            "min": 627.122469,
            "med": 4584.445853,
            "max": 12581.24363,
            "p(90)": 10680.4513452
        },
        "vus": {
            "value": 1,
            "min": 1,
            "max": 100
        },
        "inbox_errors": {
            "passes": 0,
            "fails": 1253,
            "value": 0
        },
        "vus_max": {
            "max": 100,
            "value": 100,
            "min": 100
        },
        "http_req_connecting": {
            "max": 0.50522,
            "p(90)": 0,
            "p(95)": 0.12277419999999996,
            "avg": 0.011381288108539504,
            "min": 0,
            "med": 0
        },
        "http_req_sending": {
            "p(95)": 0.06983559999999998,
            "avg": 0.030297898643256153,
            "min": 0.008982,
            "med": 0.024018,
            "max": 0.212993,
            "p(90)": 0.054555799999999995
        },
        "data_received": {
            "count": 1296641990,
            "rate": 8635240.368846634
        },
        "http_req_blocked": {
            "avg": 0.02328196169193935,
            "min": 0.003676,
            "med": 0.006224,
            "max": 0.63031,
            "p(90)": 0.010129599999999996,
            "p(95)": 0.19038159999999987
        },
        "http_req_waiting": {
            "avg": 7449.442083022359,
            "min": 0,
            "med": 3703.786297,
            "max": 39696.35038,
            "p(90)": 32117.9198616,
            "p(95)": 38134.9685338
        },
        "http_req_duration": {
            "min": 0.304281,
            "med": 3766.150625,
            "max": 40271.33015,
            "p(90)": 32091.0007066,
            "p(95)": 38203.416398199995,
            "avg": 7490.327131727056,
            "thresholds": {
                "p(95)<500": true
            }
        },
        "checks": {
            "passes": 2506,
            "fails": 0,
            "value": 1
        },
        "iterations": {
            "count": 1253,
            "rate": 8.344598019816427
        },
        "http_req_tls_handshaking": {
            "min": 0,
            "med": 0,
            "max": 0,
            "p(90)": 0,
            "p(95)": 0,
            "avg": 0
        },
        "http_req_receiving": {
            "med": 0.684103,
            "max": 29562.398881,
            "p(90)": 3.6097929999999945,
            "p(95)": 382.1346675999993,
            "avg": 40.854750806065454,
            "min": -28414.848881
        },
        "http_req_failed": {
            "passes": 0,
            "fails": 1253,
            "thresholds": {
                "rate<0.02": false
            },
            "value": 0
        },
        "http_reqs": {
            "count": 1253,
            "rate": 8.344598019816427
        },
        "http_req_duration{expected_response:true}": {
            "avg": 7490.327131727056,
            "min": 0.304281,
            "med": 3766.150625,
            "max": 40271.33015,
            "p(90)": 32091.0007066,
            "p(95)": 38203.416398199995
        },
        "inbox_duration": {
            "avg": 7490.327131727056,
            "min": 0.304281,
            "med": 3766.150625,
            "max": 40271.33015,
            "p(90)": 32091.0007066,
            "p(95)": 38203.416398199995,
            "thresholds": {
                "p(95)<500": true
            }
        },
        "data_sent": {
            "rate": 3070.812071292445,
            "count": 461104
        }
    },
    "root_group": {
        "name": "",
        "path": "",
        "id": "d41d8cd98f00b204e9800998ecf8427e",
        "groups": {},
        "checks": {
                "inbox: status 200": {
                    "name": "inbox: status 200",
                    "path": "::inbox: status 200",
                    "id": "28aff8e9d196af58d9eeed70ed2b889d",
                    "passes": 1253,
                    "fails": 0
                },
                "inbox: resposta é array": {
                    "passes": 1253,
                    "fails": 0,
                    "name": "inbox: resposta é array",
                    "path": "::inbox: resposta é array",
                    "id": "efe1872b614721c27813a75584ac4b66"
                }
            }
    }
}